station,year,month,month_start,n_days,mean_dwpf,sd_dwpf,p10_dwpf,p25_dwpf,p50_dwpf,p75_dwpf,p90_dwpf,min_dwpf,max_dwpf
CFD,2013,5,2013-05-01,28,61.495,12.431,42.56,56.98,67.78,70.18,71.72,32.2,73.4
CFD,2013,6,2013-06-01,30,70.645,4.115,64.11,69.58,72.41,73.4,73.76,60.8,74.3
CFD,2013,7,2013-07-01,30,70.501,4.558,65.16,69.53,71.69,73.16,74.34,55.76,75.74
CFD,2013,8,2013-08-01,31,70.614,4.054,65.48,69.8,71.78,73.2,74.3,58.0,75.2
CFD,2013,9,2013-09-01,30,68.23,4.825,60.62,67.46,69.31,71.0,72.07,54.0,74.84
CFD,2013,10,2013-10-01,30,59.043,10.328,46.49,51.53,57.11,69.17,73.04,42.44,74.0
CFD,2013,11,2013-11-01,30,45.197,12.654,29.3,36.64,43.76,50.86,64.81,23.9,69.26
CFD,2013,12,2013-12-01,31,37.98,11.429,27.14,29.48,34.7,45.86,54.32,22.46,65.3
CFD,2014,1,2014-01-01,31,32.383,13.608,18.32,22.82,31.1,40.37,53.6,9.5,59.36
CFD,2014,2,2014-02-01,28,41.082,13.036,26.56,31.28,39.5,47.57,60.76,19.0,65.0
CFD,2014,3,2014-03-01,30,45.02,12.537,32.45,37.19,43.52,53.69,63.34,16.52,67.28
CFD,2014,4,2014-04-01,30,54.63,11.523,37.45,47.66,57.6,64.18,69.0,31.1,69.8
CFD,2014,5,2014-05-01,29,60.61,9.556,44.46,55.76,64.4,67.28,68.79,40.28,71.78
CFD,2014,6,2014-06-01,30,72.113,2.391,70.63,71.33,72.68,73.54,74.3,64.22,74.66
CFD,2014,7,2014-07-01,28,71.2,2.108,68.7,70.26,71.6,72.54,73.45,66.38,75.2
CFD,2014,8,2014-08-01,29,71.82,3.904,68.14,70.7,71.6,75.2,75.56,60.0,77.0
CFD,2014,10,2014-10-01,30,59.377,8.406,50.0,53.38,58.23,64.98,72.14,45.32,75.2
CFD,2014,11,2014-11-01,30,42.193,13.923,24.46,32.85,38.39,56.75,60.6,16.7,62.6
CFD,2014,12,2014-12-01,31,47.09,11.228,31.28,38.84,48.38,55.4,62.24,29.12,65.48
CFD,2015,1,2015-01-01,31,36.048,8.969,30.2,33.26,34.7,39.24,46.76,9.5,56.48
CFD,2015,2,2015-02-01,28,39.606,11.798,27.18,29.57,36.86,49.1,55.44,21.56,61.7
CFD,2015,3,2015-03-01,31,50.454,10.619,37.76,44.6,51.62,59.0,61.0,23.72,65.66
CFD,2015,4,2015-04-01,30,60.839,8.328,47.82,54.95,63.59,67.21,68.1,44.6,72.5
CFD,2015,5,2015-05-01,31,67.343,5.631,59.36,64.85,69.8,71.12,72.5,53.6,73.4
CFD,2015,6,2015-06-01,28,71.823,3.443,67.24,69.68,72.5,74.39,75.44,62.6,77.0
CFD,2015,7,2015-07-01,30,74.751,1.562,73.11,73.82,75.02,75.74,76.35,70.7,77.18
CFD,2015,8,2015-08-01,31,70.887,4.231,65.0,67.73,70.88,74.48,75.56,62.78,76.64
CFD,2015,9,2015-09-01,29,67.061,6.33,58.69,65.48,67.46,71.6,73.58,50.54,76.0
CFD,2015,10,2015-10-01,31,56.705,9.285,44.0,51.98,56.0,63.38,69.44,37.0,72.68
CFD,2015,11,2015-11-01,30,52.617,11.557,41.06,44.64,51.44,60.8,69.28,29.66,71.6
CFD,2015,12,2015-12-01,31,47.17,12.712,33.0,36.5,43.7,51.13,66.56,31.64,72.68
CFD,2016,1,2016-01-01,31,38.801,10.17,28.22,32.0,34.16,46.94,55.4,27.5,62.0
CFD,2016,2,2016-02-01,28,42.869,13.755,27.81,31.42,38.66,58.5,61.38,24.44,64.0
CFD,2016,3,2016-03-01,30,53.259,11.673,36.35,43.25,56.3,63.38,64.65,32.0,69.0
CFD,2016,4,2016-04-01,30,58.487,9.927,43.07,50.36,60.58,66.11,69.12,40.0,75.38
CFD,2016,5,2016-05-01,31,64.863,6.991,53.0,62.3,65.3,70.34,72.5,50.54,77.18
CFD,2016,6,2016-06-01,30,72.658,3.498,68.67,70.16,72.75,75.71,77.02,64.58,78.0
CFD,2016,7,2016-07-01,31,76.089,2.444,72.5,74.57,76.0,78.4,79.16,71.6,79.7
CFD,2016,8,2016-08-01,31,74.761,2.276,71.6,72.93,74.84,76.14,77.54,70.34,79.7
CFD,2016,9,2016-09-01,29,70.57,5.048,65.48,69.8,71.6,72.86,75.65,53.78,77.0
CFD,2016,10,2016-10-01,31,61.402,8.725,48.0,56.6,61.0,68.68,72.86,43.7,74.3
CFD,2016,11,2016-11-01,30,55.481,10.88,42.24,50.28,55.5,65.2,68.29,32.2,71.0
CFD,2016,12,2016-12-01,31,45.223,16.134,20.8,34.5,45.7,55.85,67.5,13.8,71.0
CFD,2017,1,2017-01-01,31,44.245,16.064,26.6,32.2,45.3,57.6,64.6,10.4,67.0
CFD,2017,2,2017-02-01,28,52.507,12.814,34.91,41.75,54.8,64.2,66.79,29.5,71.6
CFD,2017,3,2017-03-01,31,56.019,11.918,43.0,47.75,62.6,64.3,67.5,27.3,69.0
CFD,2017,4,2017-04-01,30,59.62,9.34,45.82,53.38,61.65,67.0,69.08,41.4,73.6
CFD,2017,5,2017-05-01,31,62.639,9.039,48.2,57.25,63.0,69.65,72.5,44.2,76.6
CFD,2017,6,2017-06-01,30,72.013,3.684,67.48,69.08,71.75,74.22,77.23,65.5,78.6
CFD,2017,7,2017-07-01,30,74.653,2.552,72.5,73.25,75.2,76.45,77.0,65.0,78.0
CFD,2017,8,2017-08-01,30,73.76,3.681,69.22,71.7,73.7,77.0,77.55,64.4,79.7
CFD,2017,9,2017-09-01,30,66.42,6.932,56.72,61.3,68.3,71.0,74.02,50.5,77.0
CFD,2017,10,2017-10-01,31,54.723,14.296,37.0,43.25,54.3,66.5,72.5,27.0,74.3
CFD,2017,11,2017-11-01,30,53.81,13.39,35.94,43.88,53.15,67.42,71.82,29.1,73.6
CFD,2017,12,2017-12-01,31,41.181,11.955,27.9,31.45,39.6,48.2,55.6,24.6,69.4
CFD,2018,1,2018-01-01,31,31.135,15.932,12.2,20.2,27.5,46.25,52.0,6.8,65.3
CFD,2018,2,2018-02-01,28,48.779,13.139,31.46,38.05,49.75,59.08,66.9,28.6,69.0
CFD,2018,3,2018-03-01,30,52.117,13.828,32.88,40.7,52.8,65.32,67.64,26.4,69.0
CFD,2018,4,2018-04-01,30,51.49,10.461,39.38,44.3,52.35,57.58,64.86,30.7,70.3
CFD,2018,5,2018-05-01,31,68.358,5.107,60.4,65.85,70.7,72.25,73.2,56.3,73.4
CFD,2018,6,2018-06-01,30,74.867,2.14,72.59,73.4,75.1,76.75,77.22,70.3,78.3
CFD,2018,7,2018-07-01,30,74.113,2.831,70.74,73.5,74.8,76.0,76.51,66.2,78.0
CFD,2018,8,2018-08-01,31,73.448,4.103,69.0,71.7,74.3,76.25,77.4,60.0,78.3
CFD,2018,9,2018-09-01,30,72.283,3.314,69.72,71.05,72.85,74.3,75.2,61.3,78.0
CFD,2018,10,2018-10-01,31,62.168,8.819,51.0,53.5,60.3,70.95,73.0,49.3,75.0
CFD,2018,11,2018-11-01,30,46.38,12.777,29.46,36.7,45.6,56.58,62.5,23.9,72.5
CFD,2018,12,2018-12-01,31,41.981,9.741,32.0,34.85,39.2,50.0,55.6,29.3,62.0
CFD,2019,1,2019-01-01,31,39.558,10.557,28.8,32.75,38.0,45.95,55.0,19.4,60.3
CFD,2019,2,2019-02-01,28,47.461,13.133,31.99,38.22,48.25,57.62,65.81,21.9,69.4
CFD,2019,3,2019-03-01,31,48.432,14.852,30.2,39.0,48.2,61.7,67.6,16.7,69.8
CFD,2019,4,2019-04-01,30,57.523,10.477,42.37,50.65,60.8,64.85,68.4,34.3,74.0
CFD,2019,5,2019-05-01,30,68.153,6.713,60.4,61.82,69.2,74.08,76.03,55.0,77.2
CFD,2019,6,2019-06-01,30,72.737,5.012,67.5,70.05,72.4,75.45,79.25,60.3,82.8
CFD,2019,7,2019-07-01,31,75.461,4.309,68.7,74.15,76.3,78.5,79.0,63.5,80.6
CFD,2019,8,2019-08-01,31,78.429,2.016,75.7,76.8,78.4,80.1,80.6,74.8,82.4
CFD,2019,9,2019-09-01,30,73.847,2.739,70.0,72.5,73.7,75.68,77.52,68.2,79.0
CFD,2019,10,2019-10-01,30,60.41,10.874,48.61,50.82,59.9,70.25,73.17,34.2,78.3
CFD,2019,11,2019-11-01,30,48.463,14.625,31.46,39.15,45.15,61.2,69.08,20.3,75.2
CFD,2019,12,2019-12-01,31,43.639,12.091,30.7,34.8,41.0,50.0,58.6,24.4,69.0
CFD,2020,1,2020-01-01,31,46.671,13.175,32.0,36.95,44.2,56.75,67.5,24.6,70.7
CFD,2020,2,2020-02-01,29,45.314,14.254,31.46,32.4,41.5,59.2,65.92,27.0,71.2
CFD,2020,3,2020-03-01,31,62.274,10.559,47.0,58.1,66.2,70.0,72.0,33.8,73.8
CFD,2020,4,2020-04-01,30,59.343,10.532,44.11,52.62,60.0,66.4,73.0,39.4,74.5
CFD,2020,5,2020-05-01,31,66.755,7.657,53.0,62.9,67.6,71.4,76.6,51.8,78.3
CFD,2020,6,2020-06-01,30,71.743,6.948,61.08,69.9,72.75,75.9,78.94,51.8,81.0
CFD,2020,7,2020-07-01,31,77.794,1.999,74.8,76.15,78.4,79.2,80.0,73.4,81.0
CFD,2020,8,2020-08-01,31,72.897,5.244,66.2,69.9,73.2,77.3,78.0,62.0,80.6
CFD,2020,9,2020-09-01,30,67.387,8.638,56.27,63.28,69.8,72.5,74.7,42.8,80.0
CFD,2020,10,2020-10-01,31,57.316,11.793,42.0,46.7,57.2,69.65,71.8,37.4,73.4
CFD,2020,11,2020-11-01,30,49.733,12.784,32.94,41.1,49.3,60.6,66.28,24.3,71.6
CFD,2020,12,2020-12-01,31,40.368,12.097,29.7,32.85,36.7,48.6,58.3,16.9,64.2
CFD,2021,1,2021-01-01,31,40.194,12.352,29.1,31.8,36.0,51.3,57.7,19.6,67.0
CFD,2021,2,2021-02-01,28,37.536,16.176,23.08,27.6,37.15,46.65,60.33,-0.6,69.0
CFD,2021,3,2021-03-01,31,51.694,12.429,35.8,39.45,53.8,63.05,67.3,32.0,70.7
CFD,2021,4,2021-04-01,30,54.87,11.886,39.38,46.85,55.8,65.85,68.46,30.6,71.4
CFD,2021,5,2021-05-01,31,67.084,5.609,59.4,64.4,68.0,71.4,72.5,52.7,75.4
CFD,2021,6,2021-06-01,30,73.547,3.628,68.85,70.78,73.6,76.52,77.23,65.7,79.2
CFD,2021,7,2021-07-01,31,74.319,2.228,71.6,73.3,74.3,75.8,77.0,69.3,78.8
CFD,2021,8,2021-08-01,26,74.769,2.12,72.5,73.2,74.6,75.92,78.0,71.0,78.8
CFD,2021,9,2021-09-01,30,65.663,9.434,51.94,61.47,68.0,73.45,75.73,45.0,78.0
CFD,2021,10,2021-10-01,31,60.174,12.509,42.3,54.15,64.6,69.8,73.2,32.0,74.3
CFD,2021,11,2021-11-01,30,46.76,10.774,33.98,38.55,43.85,55.05,62.1,30.7,65.7
CFD,2021,12,2021-12-01,31,57.823,13.824,34.7,47.0,65.5,68.2,70.5,30.6,72.0
CFD,2022,1,2022-01-01,31,35.181,13.957,21.2,25.95,31.1,43.65,53.0,14.7,66.2
CFD,2022,2,2022-02-01,28,36.561,14.477,21.64,27.1,31.8,44.25,61.54,17.6,67.6
CFD,2022,3,2022-03-01,31,44.077,12.884,32.0,35.5,40.0,51.7,64.6,19.2,68.4
CFD,2022,4,2022-04-01,30,59.297,12.48,39.74,52.15,64.4,68.85,70.28,29.3,72.0
CFD,2022,5,2022-05-01,30,68.997,5.624,59.92,67.25,71.3,72.92,73.67,54.5,76.3
CFD,2022,6,2022-06-01,21,72.243,4.263,68.0,70.5,73.4,74.7,75.2,58.0,77.0
CFD,2022,7,2022-07-01,31,75.2,2.052,72.0,74.5,75.4,76.65,77.4,69.3,77.7
CFD,2022,8,2022-08-01,31,74.532,1.72,72.5,73.6,74.0,75.85,76.5,71.0,78.8
CFD,2022,9,2022-09-01,30,65.737,8.414,50.65,61.82,68.75,71.55,73.04,45.7,75.4
CFD,2022,10,2022-10-01,31,52.403,10.531,40.5,43.75,53.0,57.4,67.3,28.2,71.8
CFD,2022,11,2022-11-01,30,49.61,14.522,32.0,36.78,49.5,64.38,68.67,26.6,73.0
CFD,2022,12,2022-12-01,31,44.558,19.698,18.7,33.05,44.0,63.8,67.0,1.2,70.0
CFD,2023,1,2023-01-01,30,44.417,13.697,31.01,33.45,37.95,58.12,63.72,29.1,70.2
CFD,2023,2,2023-02-01,28,46.254,13.069,31.74,35.55,42.15,58.0,63.79,24.3,66.4
CFD,2023,3,2023-03-01,31,52.994,13.975,33.4,41.05,52.5,66.8,69.8,28.6,70.7
CFD,2023,4,2023-04-01,29,56.193,8.107,46.0,51.0,54.0,62.0,69.08,42.0,70.7
CFD,2023,5,2023-05-01,31,66.529,4.258,62.8,64.4,66.4,68.9,72.5,51.8,74.3
CFD,2023,6,2023-06-01,30,73.807,4.732,66.97,69.08,76.1,77.5,78.8,65.3,79.7
CFD,2023,7,2023-07-01,31,75.216,2.111,72.0,73.5,76.0,76.8,77.2,71.0,78.0
CFD,2023,8,2023-08-01,30,71.79,5.928,60.98,69.08,72.95,76.6,77.43,56.7,79.0
CFD,2023,9,2023-09-01,30,69.483,6.282,61.59,65.72,70.25,73.3,77.04,55.4,78.0
CFD,2023,10,2023-10-01,31,58.252,12.568,42.8,49.0,60.0,69.2,73.6,31.0,75.4
CFD,2023,11,2023-11-01,26,50.923,11.663,32.9,40.62,52.7,58.6,66.5,30.0,69.0
CFD,2023,12,2023-12-01,30,41.49,12.345,30.36,33.65,37.0,48.3,62.1,23.0,68.0
CFD,2024,1,2024-01-01,31,35.813,14.941,17.0,25.0,36.7,46.25,53.0,7.5,64.2
CFD,2024,2,2024-02-01,28,46.539,12.621,30.92,36.7,45.7,59.18,62.38,23.5,64.8
CFD,2024,3,2024-03-01,30,54.117,11.871,39.4,44.88,54.0,64.85,68.52,31.0,72.5
CFD,2024,4,2024-04-01,30,61.32,10.047,47.08,50.75,66.55,68.47,70.83,42.4,73.4
CFD,2024,5,2024-05-01,28,70.468,5.579,62.47,66.08,69.65,75.7,77.43,60.8,78.6
CFD,2024,6,2024-06-01,26,74.285,2.419,71.7,72.5,73.7,76.3,77.85,71.0,78.8
CFD,2024,7,2024-07-01,30,74.373,2.232,71.29,73.0,74.6,76.0,76.64,69.3,78.3
CFD,2024,8,2024-08-01,30,74.717,2.591,70.95,73.8,74.5,76.82,77.73,69.0,79.3
CFD,2024,9,2024-09-01,28,67.568,8.078,55.07,62.3,71.2,73.0,74.72,51.0,78.0
CFD,2024,10,2024-10-01,31,58.526,9.837,48.0,52.15,61.5,64.0,69.6,35.0,74.3
CFD,2024,11,2024-11-01,30,52.743,13.562,36.01,39.38,52.7,66.47,70.73,31.0,72.5
CFD,2024,12,2024-12-01,31,48.171,12.833,32.0,37.4,49.0,57.85,65.7,28.0,69.0
CFD,2025,1,2025-01-01,31,33.555,15.142,17.2,22.45,33.0,41.55,54.7,8.4,68.0
CFD,2025,2,2025-02-01,28,43.746,15.704,24.47,32.3,45.35,52.15,65.36,13.3,67.0
CFD,2025,3,2025-03-01,31,52.055,12.749,33.3,42.3,55.4,62.0,67.0,26.6,69.0
CFD,2025,4,2025-04-01,30,60.743,10.741,43.9,54.75,64.2,68.85,70.73,37.0,73.0
CFD,2025,5,2025-05-01,31,66.361,7.83,55.6,60.45,68.0,73.5,74.7,49.3,76.3
CFD,2025,6,2025-06-01,30,73.17,2.815,68.36,71.15,73.8,74.92,76.33,66.7,77.0
CFD,2025,7,2025-07-01,31,73.668,2.895,71.0,73.0,74.3,75.55,76.0,63.0,76.5
CFD,2025,8,2025-08-01,31,72.439,1.885,69.3,71.5,72.5,73.7,74.7,69.3,75.7
CFD,2025,9,2025-09-01,30,66.18,6.276,56.3,61.05,66.85,71.2,73.13,55.4,76.5
CFD,2025,10,2025-10-01,24,60.146,6.747,52.05,55.32,59.85,65.8,67.51,46.6,72.7
CFD,2025,12,2025-12-01,28,46.954,17.004,21.49,33.98,49.45,62.38,66.2,15.6,68.0
CFD,2026,1,2026-01-01,31,37.061,15.97,18.0,24.0,34.3,52.0,56.7,14.0,66.7
CFD,2026,2,2026-02-01,28,46.207,13.616,29.66,36.28,46.85,57.65,61.16,14.5,65.7
CFD,2026,3,2026-03-01,29,56.607,12.071,37.16,50.4,62.0,65.0,67.0,25.5,69.0
CFD,2026,4,2026-04-01,29,63.348,9.742,46.0,61.3,67.5,69.0,71.98,41.0,73.4
CFD,2026,5,2026-05-01,31,64.852,6.776,54.0,62.25,66.4,69.5,72.5,48.4,73.6
CFD,2026,6,2026-06-01,30,74.58,2.068,71.98,73.7,75.2,76.0,76.64,68.0,78.0
CFD,2026,7,2026-07-01,30,74.207,1.289,72.45,73.5,74.3,75.2,75.6,71.0,76.0
CFD,2026,8,2026-08-01,30,73.437,3.125,68.9,73.05,73.9,75.6,77.0,64.0,77.0
CLL,1996,1,1996-01-01,27,40.247,16.929,17.55,27.86,34.0,55.42,62.14,11.0,67.0
CLL,1996,2,1996-02-01,27,41.996,19.073,18.86,24.89,45.0,61.44,64.65,13.0,70.0
CLL,1996,3,1996-03-01,30,41.184,16.513,20.0,30.13,42.5,53.5,63.09,7.88,70.0
CLL,1996,4,1996-04-01,29,56.566,12.088,38.44,47.84,58.0,68.0,70.0,34.0,72.0
CLL,1996,5,1996-05-01,30,71.892,4.307,68.9,70.88,72.86,73.72,74.84,54.0,79.0
CLL,1996,6,1996-06-01,29,71.994,4.736,65.05,70.0,74.0,74.84,76.0,59.0,77.0
CLL,1996,7,1996-07-01,25,74.632,1.656,72.13,73.6,74.66,75.56,76.68,71.6,77.72
CLL,1996,8,1996-08-01,28,73.624,1.588,72.0,72.46,73.4,75.42,75.82,70.34,76.0
CLL,1996,9,1996-09-01,28,69.109,7.26,59.59,68.5,71.12,72.4,76.33,49.64,77.36
CLL,1996,10,1996-10-01,31,61.248,10.259,48.56,54.68,62.0,68.63,73.0,39.38,76.64
CLL,1996,11,1996-11-01,27,54.444,12.236,37.54,43.88,57.56,62.78,69.61,32.36,72.68
CLL,1996,12,1996-12-01,30,45.493,15.79,23.2,36.25,46.5,59.75,63.1,14.0,66.0
CLL,1997,1,1997-01-01,29,38.379,17.783,18.0,23.0,34.0,58.0,63.2,12.0,65.0
CLL,1997,2,1997-02-01,28,44.914,11.191,33.7,35.9,40.0,52.0,63.3,31.0,65.0
CLL,1997,3,1997-03-01,31,52.587,11.142,39.0,43.5,56.0,62.0,66.0,30.2,68.0
CLL,1997,4,1997-04-01,30,50.707,10.05,36.0,46.75,51.0,56.9,63.0,29.0,70.0
CLL,1997,5,1997-05-01,30,63.167,7.25,53.0,59.5,65.5,68.0,70.0,42.0,72.0
CLL,1997,6,1997-06-01,29,70.483,4.128,66.0,68.0,72.0,73.0,74.0,58.0,76.0
CLL,1997,7,1997-07-01,31,72.523,1.469,71.0,72.0,73.0,73.5,74.0,69.0,75.2
CLL,1997,8,1997-08-01,31,71.968,4.045,67.0,69.5,73.0,75.0,76.0,62.0,77.0
CLL,1997,9,1997-09-01,29,67.124,5.927,58.0,65.0,70.0,71.0,72.0,50.0,75.0
CLL,1997,10,1997-10-01,30,58.633,12.523,43.0,50.5,60.0,69.75,72.0,24.0,73.0
CLL,1997,11,1997-11-01,30,45.933,10.12,35.8,39.25,43.0,50.0,62.2,27.0,65.0
CLL,1997,12,1997-12-01,31,36.606,10.595,25.0,29.0,33.0,43.0,53.0,23.0,60.8
CLL,1998,1,1998-01-01,31,46.4,11.522,32.0,35.5,47.0,56.7,61.0,30.0,67.0
CLL,1998,2,1998-02-01,25,43.32,9.127,33.2,38.0,41.0,50.0,56.0,29.0,63.0
CLL,1998,3,1998-03-01,31,44.935,14.756,25.0,31.5,46.0,57.0,64.0,19.0,67.0
CLL,1998,4,1998-04-01,28,51.7,9.017,42.7,44.0,48.5,58.5,65.3,41.0,68.0
CLL,1998,5,1998-05-01,28,66.907,5.258,60.2,65.0,68.0,70.25,72.0,53.0,73.0
CLL,1998,6,1998-06-01,29,72.931,4.566,68.8,73.0,74.0,76.0,76.0,57.0,77.0
CLL,1998,7,1998-07-01,30,74.3,1.088,72.9,74.0,74.0,75.0,75.1,72.0,76.0
CLL,1998,8,1998-08-01,30,72.36,1.701,69.98,71.0,73.0,73.0,74.0,68.0,75.0
CLL,1998,9,1998-09-01,27,71.556,5.033,69.0,71.0,72.0,74.5,75.0,49.0,76.0
CLL,1998,10,1998-10-01,21,63.857,8.35,52.0,58.0,65.0,70.0,74.0,50.0,76.0
CLL,1998,11,1998-11-01,28,53.964,9.066,42.1,47.5,53.5,61.25,65.0,36.0,68.0
CLL,1998,12,1998-12-01,30,43.407,14.362,27.5,35.25,40.0,51.75,66.1,19.0,68.0
CLL,1999,1,1999-01-01,31,44.613,15.534,22.0,35.0,50.0,56.0,62.0,12.0,68.0
CLL,1999,2,1999-02-01,25,49.36,13.294,33.0,39.0,51.0,64.0,65.6,28.0,66.0
CLL,1999,3,1999-03-01,31,48.484,11.955,30.0,39.5,55.0,58.5,61.0,29.0,64.0
CLL,1999,4,1999-04-01,30,59.867,10.957,42.7,53.75,63.0,68.0,69.1,34.0,72.0
CLL,1999,5,1999-05-01,29,65.138,6.927,55.2,62.0,68.0,70.0,71.2,48.0,73.0
CLL,1999,6,1999-06-01,29,72.379,2.583,69.0,71.0,72.0,74.0,76.0,67.0,77.0
CLL,1999,7,1999-07-01,31,72.581,1.409,71.0,72.0,73.0,73.0,74.0,69.0,75.0
CLL,1999,8,1999-08-01,28,72.436,2.918,68.7,71.0,73.0,74.25,76.0,64.0,76.0
CLL,1999,9,1999-09-01,29,63.31,8.981,49.4,57.0,67.0,70.0,72.0,43.0,73.0
CLL,1999,10,1999-10-01,29,54.414,10.716,43.0,46.0,54.0,65.0,67.2,30.0,72.0
CLL,1999,11,1999-11-01,27,49.111,9.831,37.0,45.0,49.0,53.5,61.8,30.0,69.0
CLL,1999,12,1999-12-01,30,39.433,12.277,26.9,31.0,35.5,47.5,58.5,24.0,65.0
CLL,2000,1,2000-01-01,31,41.258,14.537,24.0,27.5,40.0,51.5,60.0,18.0,65.0
CLL,2000,2,2000-02-01,28,48.036,12.9,35.4,37.0,46.5,60.0,63.3,25.0,65.0
CLL,2000,3,2000-03-01,30,55.333,10.175,41.7,49.0,58.0,64.5,66.0,34.0,67.0
CLL,2000,4,2000-04-01,30,55.593,10.135,38.9,52.0,56.5,62.0,67.1,29.0,69.0
CLL,2000,5,2000-05-01,29,67.138,5.902,59.8,66.0,69.0,71.0,73.0,47.0,74.0
CLL,2000,6,2000-06-01,30,71.5,3.884,68.7,71.0,73.0,73.75,74.0,58.0,75.0
CLL,2000,7,2000-07-01,30,70.333,2.905,66.7,69.0,71.0,72.0,73.1,63.0,74.0
CLL,2000,8,2000-08-01,31,70.581,2.997,67.0,69.0,71.0,72.5,74.0,63.0,76.0
CLL,2000,9,2000-09-01,30,63.98,10.652,48.0,53.0,66.5,73.0,75.0,45.0,77.0
CLL,2000,10,2000-10-01,29,60.655,11.827,41.2,56.0,65.0,69.0,71.4,32.0,76.0
CLL,2000,11,2000-11-01,29,46.586,12.466,32.8,38.0,44.0,57.0,64.2,30.0,69.0
CLL,2000,12,2000-12-01,31,34.581,10.838,23.0,29.0,31.0,41.0,50.0,16.0,63.0
CLL,2001,1,2001-01-01,31,36.968,9.867,26.0,31.0,37.0,41.5,48.0,20.0,58.0
CLL,2001,2,2001-02-01,27,45.63,13.723,30.6,32.0,44.0,59.0,63.4,24.0,66.0
CLL,2001,3,2001-03-01,30,44.233,7.29,36.0,38.0,43.5,49.0,56.0,35.0,59.0
CLL,2001,4,2001-04-01,28,60.107,9.601,46.4,50.75,64.0,68.0,70.0,43.0,71.0
CLL,2001,5,2001-05-01,30,65.033,5.385,60.4,63.25,65.5,68.0,71.1,51.0,73.0
CLL,2001,6,2001-06-01,30,70.633,3.211,66.9,68.25,71.0,73.0,74.1,64.0,76.0
CLL,2001,7,2001-07-01,31,73.097,1.989,70.0,72.0,73.0,74.5,75.0,68.0,77.0
CLL,2001,8,2001-08-01,31,72.839,1.917,70.0,72.0,73.0,75.0,75.0,69.0,76.0
CLL,2001,9,2001-09-01,27,66.963,8.825,51.6,63.0,70.0,73.0,75.4,50.0,78.0
CLL,2001,10,2001-10-01,30,55.167,11.123,41.9,46.25,53.0,65.25,71.1,38.0,74.0
CLL,2001,11,2001-11-01,30,51.967,12.226,32.9,41.75,57.0,61.5,64.1,27.0,67.0
CLL,2001,12,2001-12-01,31,42.677,15.067,27.0,31.0,38.0,54.0,66.0,21.0,69.0
CLL,2002,1,2002-01-01,31,40.742,15.455,25.0,28.5,35.0,52.5,65.0,17.0,66.0
CLL,2002,2,2002-02-01,28,34.036,10.765,22.9,28.0,32.0,39.5,44.0,15.0,65.0
CLL,2002,3,2002-03-01,31,46.226,16.962,21.0,35.5,48.0,61.5,66.0,10.0,68.0
CLL,2002,4,2002-04-01,30,61.267,10.501,43.9,57.25,64.5,69.75,70.1,34.0,72.0
CLL,2002,5,2002-05-01,31,63.71,8.911,50.0,58.0,66.0,71.0,72.0,43.0,73.0
CLL,2002,6,2002-06-01,29,69.414,4.468,64.0,67.0,70.0,73.0,74.0,56.0,75.0
CLL,2002,7,2002-07-01,29,72.897,1.543,71.0,72.0,73.0,74.0,75.0,69.0,76.0
CLL,2002,8,2002-08-01,31,71.871,3.274,68.0,70.0,73.0,74.0,75.0,64.0,77.0
CLL,2002,9,2002-09-01,29,66.034,7.124,57.4,62.0,67.0,71.0,73.2,47.0,76.0
CLL,2002,10,2002-10-01,29,60.966,9.006,47.8,56.0,62.0,69.0,72.2,40.0,75.0
CLL,2002,11,2002-11-01,29,43.517,9.038,33.8,37.0,43.0,48.0,54.6,28.0,68.0
CLL,2002,12,2002-12-01,31,42.419,11.5,31.0,33.5,40.0,49.0,61.0,25.0,63.0
CLL,2003,1,2003-01-01,31,34.71,12.337,21.0,25.5,32.0,42.0,52.0,15.0,60.0
CLL,2003,2,2003-02-01,28,42.964,11.98,30.0,32.0,41.5,56.25,58.9,26.0,65.0
CLL,2003,3,2003-03-01,31,48.355,9.935,32.0,42.5,48.0,55.5,62.0,28.0,66.0
CLL,2003,4,2003-04-01,30,56.9,10.649,43.3,52.25,62.0,64.0,66.2,28.0,70.0
CLL,2003,5,2003-05-01,29,66.207,5.942,59.0,62.0,68.0,71.0,72.2,54.0,74.0
CLL,2003,6,2003-06-01,26,69.577,3.455,65.0,68.25,69.0,71.75,75.0,63.0,75.0
CLL,2003,7,2003-07-01,31,72.677,1.6,71.0,71.5,73.0,74.0,74.0,69.0,75.0
CLL,2003,8,2003-08-01,31,72.677,2.197,70.0,72.0,73.0,74.0,74.0,66.0,76.0
CLL,2003,9,2003-09-01,30,65.667,7.063,58.2,63.25,67.0,70.0,73.1,46.0,76.0
CLL,2003,10,2003-10-01,31,59.968,9.318,49.0,53.0,59.0,68.5,72.0,42.0,73.0
CLL,2003,11,2003-11-01,30,52.267,15.394,26.8,42.0,55.0,65.75,68.1,21.0,71.0
CLL,2003,12,2003-12-01,31,40.097,12.939,25.0,27.5,39.0,49.0,57.0,23.0,64.0
CLL,2004,1,2004-01-01,31,43.29,13.917,24.0,31.0,42.0,55.5,62.0,20.0,65.0
CLL,2004,2,2004-02-01,28,40.893,8.883,28.7,34.75,40.0,47.25,52.6,26.0,57.0
CLL,2004,3,2004-03-01,30,50.6,12.325,36.8,42.5,52.0,61.0,64.0,22.0,66.0
CLL,2004,4,2004-04-01,30,58.2,8.202,46.9,52.25,58.0,65.0,67.2,41.0,71.0
CLL,2004,5,2004-05-01,30,66.833,7.525,58.2,63.0,70.0,71.0,73.0,46.0,76.0
CLL,2004,6,2004-06-01,29,72.759,2.972,68.6,71.0,74.0,75.0,75.2,66.0,76.0
CLL,2004,7,2004-07-01,31,71.903,2.612,68.0,70.0,73.0,74.0,75.0,65.0,75.0
CLL,2004,8,2004-08-01,31,69.839,5.843,61.0,66.0,72.0,75.0,76.0,58.0,77.0
CLL,2004,9,2004-09-01,30,65.767,5.935,56.9,61.0,67.5,69.75,72.1,54.0,74.0
CLL,2004,10,2004-10-01,31,67.413,7.417,57.0,65.0,70.0,72.5,74.0,45.0,76.0
CLL,2004,11,2004-11-01,30,52.527,9.369,40.9,45.5,50.0,60.75,66.0,37.0,68.0
CLL,2004,12,2004-12-01,31,40.242,12.722,21.9,32.0,41.0,46.5,58.0,17.0,65.0
CLL,2005,1,2005-01-01,31,46.226,15.066,28.0,34.0,46.0,59.5,67.0,14.0,69.0
CLL,2005,2,2005-02-01,28,48.179,10.548,37.0,39.75,45.0,57.75,63.3,29.0,65.0
CLL,2005,3,2005-03-01,31,47.452,9.733,35.0,40.0,46.0,56.5,61.0,33.0,64.0
CLL,2005,4,2005-04-01,30,52.7,9.033,41.8,47.0,52.0,61.0,65.1,37.0,66.0
CLL,2005,5,2005-05-01,31,61.774,8.011,49.0,57.5,66.0,67.0,68.0,43.0,71.0
CLL,2005,6,2005-06-01,30,69.8,3.718,64.8,69.0,71.0,72.0,73.1,60.0,75.0
CLL,2005,7,2005-07-01,31,72.097,3.059,70.0,71.0,72.0,74.0,75.0,60.0,76.0
CLL,2005,8,2005-08-01,31,71.935,2.041,69.0,70.5,73.0,73.0,74.0,68.0,75.0
CLL,2005,9,2005-09-01,30,68.193,5.159,60.98,64.5,69.4,72.0,74.0,56.0,75.2
CLL,2005,10,2005-10-01,30,53.4,11.331,37.6,44.25,54.5,61.0,68.1,32.0,71.0
CLL,2005,11,2005-11-01,30,47.867,17.498,25.9,32.0,46.5,66.25,69.0,18.0,70.0
CLL,2005,12,2005-12-01,31,34.806,11.223,21.0,27.5,33.0,38.0,54.0,19.0,64.0
CLL,2006,1,2006-01-01,31,39.029,12.531,23.0,30.95,36.0,48.0,58.0,18.0,63.0
CLL,2006,2,2006-02-01,28,38.75,11.667,26.7,30.0,34.5,49.25,54.0,20.0,62.0
CLL,2006,3,2006-03-01,31,50.484,12.775,32.0,38.0,55.0,61.0,63.0,28.0,66.0
CLL,2006,4,2006-04-01,30,60.067,7.679,49.9,54.5,62.0,65.0,68.0,39.0,70.0
CLL,2006,5,2006-05-01,31,63.994,7.584,51.0,59.0,66.0,70.0,72.0,49.0,73.0
CLL,2006,6,2006-06-01,30,66.82,4.914,61.8,66.0,67.0,70.75,72.0,53.0,75.0
CLL,2006,7,2006-07-01,31,72.258,1.46,71.0,71.0,72.0,73.0,74.0,69.0,76.0
CLL,2006,8,2006-08-01,31,72.194,3.525,71.0,72.0,73.0,74.0,74.0,59.0,75.0
CLL,2006,9,2006-09-01,30,63.76,8.036,53.9,58.0,64.5,70.0,73.2,44.0,76.0
CLL,2006,10,2006-10-01,31,56.71,10.876,41.0,47.0,60.0,66.5,68.0,36.0,73.0
CLL,2006,11,2006-11-01,30,47.527,13.7,29.8,37.0,45.5,58.0,67.0,28.0,71.0
CLL,2006,12,2006-12-01,30,40.9,15.343,22.8,29.0,41.5,50.0,62.1,13.0,65.0
CLL,2007,1,2007-01-01,31,35.806,10.18,24.0,29.0,32.0,44.0,51.0,22.0,63.0
CLL,2007,2,2007-02-01,28,40.143,14.251,22.0,29.75,37.5,55.25,58.3,16.0,65.0
CLL,2007,3,2007-03-01,31,52.419,13.643,30.0,47.5,58.0,62.0,64.0,20.0,65.0
CLL,2007,4,2007-04-01,30,51.767,11.107,36.9,43.25,52.5,60.0,64.2,26.0,68.0
CLL,2007,5,2007-05-01,31,63.839,5.355,56.0,61.0,66.0,67.0,70.0,50.0,71.0
CLL,2007,6,2007-06-01,30,70.4,2.836,66.0,69.0,70.0,72.0,74.1,65.0,75.0
CLL,2007,7,2007-07-01,31,71.581,2.078,70.0,70.0,71.0,73.0,74.0,65.0,75.0
CLL,2007,8,2007-08-01,30,73.267,1.701,71.0,73.0,73.0,74.0,75.1,69.0,77.0
CLL,2007,9,2007-09-01,30,69.7,4.078,64.9,66.0,70.0,73.0,75.1,62.0,76.0
CLL,2007,10,2007-10-01,31,58.29,12.496,40.0,47.5,59.0,71.0,73.0,38.0,74.0
CLL,2007,11,2007-11-01,30,49.8,13.239,32.8,39.25,53.0,61.75,65.1,21.0,68.0
CLL,2007,12,2007-12-01,31,44.484,15.128,28.0,30.5,42.0,57.5,67.0,21.0,69.0
CLL,2008,1,2008-01-01,31,38.742,14.844,21.0,29.5,34.0,50.5,61.0,16.0,66.0
CLL,2008,2,2008-02-01,29,43.759,13.601,29.4,34.0,41.0,56.0,63.2,22.0,66.0
CLL,2008,3,2008-03-01,30,49.7,13.23,31.7,42.0,49.0,61.0,66.2,23.0,69.0
CLL,2008,4,2008-04-01,30,55.3,11.588,41.9,44.25,58.5,67.0,68.0,34.0,70.0
CLL,2008,5,2008-05-01,31,64.161,8.529,51.0,57.0,66.0,71.0,74.0,47.0,75.0
CLL,2008,6,2008-06-01,30,71.333,2.758,67.0,70.25,72.0,73.0,74.0,64.0,75.0
CLL,2008,7,2008-07-01,31,70.742,2.543,68.0,69.0,71.0,72.0,73.0,63.0,76.0
CLL,2008,8,2008-08-01,31,72.548,1.947,70.0,71.0,73.0,74.0,75.0,68.0,76.0
CLL,2008,9,2008-09-01,30,63.7,6.385,55.0,59.0,64.5,69.75,72.0,52.0,74.0
CLL,2008,10,2008-10-01,31,53.097,11.887,38.0,47.5,55.0,60.5,69.0,26.0,71.0
CLL,2008,11,2008-11-01,30,47.573,13.661,28.9,35.0,52.5,59.75,63.2,25.0,68.0
CLL,2008,12,2008-12-01,31,38.645,17.402,21.0,26.0,30.0,56.5,65.0,10.0,68.0
CLL,2009,1,2009-01-01,31,34.939,14.761,21.0,24.5,30.0,41.3,61.0,17.1,65.0
CLL,2009,2,2009-02-01,28,43.446,14.436,26.1,31.72,42.0,56.25,61.3,18.0,65.0
CLL,2009,3,2009-03-01,31,47.894,14.096,26.6,42.0,50.0,60.9,63.0,12.9,65.0
CLL,2009,4,2009-04-01,30,53.537,12.773,36.5,45.5,57.0,64.75,66.0,24.1,67.0
CLL,2009,5,2009-05-01,31,63.323,7.264,53.0,59.5,65.0,69.0,70.0,46.0,71.0
CLL,2009,6,2009-06-01,30,68.687,4.258,62.9,67.0,71.0,71.9,72.0,56.0,73.0
CLL,2009,7,2009-07-01,31,71.961,2.096,69.0,71.0,72.0,73.0,74.0,67.0,75.0
CLL,2009,8,2009-08-01,31,70.581,3.0,67.0,69.4,71.0,72.0,74.0,62.0,76.0
CLL,2009,9,2009-09-01,30,65.12,4.926,57.8,63.0,67.0,68.75,70.0,53.0,71.0
CLL,2009,10,2009-10-01,30,58.0,11.659,42.9,47.5,57.0,70.0,73.1,40.0,74.0
CLL,2009,11,2009-11-01,30,47.713,8.406,34.9,42.65,48.0,53.5,60.0,33.0,61.0
CLL,2009,12,2009-12-01,31,35.197,11.05,21.9,28.0,34.0,42.5,50.0,15.1,62.0
CLL,2010,1,2010-01-01,31,33.845,13.862,19.9,26.1,30.9,44.0,52.0,6.8,62.0
CLL,2010,2,2010-02-01,28,34.836,8.842,23.77,29.5,34.0,42.0,45.32,21.0,57.0
CLL,2010,3,2010-03-01,31,42.29,8.764,32.0,36.5,42.0,47.5,54.0,23.0,59.0
CLL,2010,4,2010-04-01,30,53.887,8.812,42.98,49.25,53.0,60.6,64.1,32.0,68.0
CLL,2010,5,2010-05-01,31,63.148,7.856,50.0,62.0,66.0,68.0,70.0,44.0,71.0
CLL,2010,6,2010-06-01,30,71.953,2.567,68.0,71.15,72.5,74.0,74.1,65.0,75.0
CLL,2010,7,2010-07-01,31,72.213,1.768,71.0,72.0,72.0,73.0,74.0,66.0,75.0
CLL,2010,8,2010-08-01,31,70.523,4.752,64.0,70.0,72.0,73.2,74.0,56.0,75.0
CLL,2010,9,2010-09-01,30,70.153,7.4,55.9,67.75,72.5,75.0,77.0,52.0,78.0
CLL,2010,10,2010-10-01,31,53.161,12.208,41.0,43.5,53.0,62.8,69.0,23.0,70.0
CLL,2010,11,2010-11-01,30,48.753,14.858,30.9,36.25,48.5,63.95,67.0,22.0,70.0
CLL,2010,12,2010-12-01,31,40.706,15.54,24.0,27.45,37.0,56.5,61.0,17.0,65.0
CLL,2011,1,2011-01-01,30,35.347,13.782,18.9,26.25,33.5,46.75,55.56,13.0,62.0
CLL,2011,2,2011-02-01,26,38.838,19.1,16.5,20.75,36.0,60.1,63.0,9.0,67.0
CLL,2011,3,2011-03-01,30,51.613,12.17,33.8,43.25,53.0,63.0,64.04,29.0,66.0
CLL,2011,4,2011-04-01,28,58.571,13.451,42.0,45.75,66.5,69.0,70.0,28.0,72.0
CLL,2011,5,2011-05-01,31,63.226,10.899,48.0,52.5,68.0,72.0,73.0,39.0,74.0
CLL,2011,6,2011-06-01,30,71.7,3.098,67.9,70.0,72.0,74.0,75.1,65.0,76.0
CLL,2011,7,2011-07-01,31,73.968,1.643,71.0,73.0,74.0,75.0,76.0,70.0,76.0
CLL,2011,8,2011-08-01,31,73.432,2.704,69.0,72.0,73.4,76.0,77.0,68.0,77.0
CLL,2011,9,2011-09-01,30,62.333,9.998,46.6,58.5,65.0,70.75,72.0,40.0,73.0
CLL,2011,10,2011-10-01,30,54.267,11.653,38.6,44.75,56.5,64.75,67.1,34.0,70.0
CLL,2011,11,2011-11-01,30,47.9,16.554,24.9,32.25,47.0,62.75,69.1,22.0,71.0
CLL,2011,12,2011-12-01,31,42.884,10.71,31.0,37.2,41.0,50.5,57.0,23.0,66.0
CLL,2012,1,2012-01-01,31,41.774,13.62,24.0,32.5,39.0,54.5,61.0,23.0,66.0
CLL,2012,2,2012-02-01,29,46.793,13.399,29.6,36.0,46.0,61.0,63.4,18.0,66.0
CLL,2012,3,2012-03-01,31,56.903,9.971,45.0,49.5,58.0,66.0,67.0,33.0,67.0
CLL,2012,4,2012-04-01,30,60.0,8.158,46.8,56.5,60.0,66.0,68.1,39.0,70.0
CLL,2012,5,2012-05-01,31,66.548,4.581,60.0,63.0,67.0,70.5,72.0,59.0,73.0
CLL,2012,6,2012-06-01,30,71.0,3.76,67.0,70.0,71.5,73.0,75.0,57.0,77.0
CLL,2012,7,2012-07-01,28,73.679,1.219,72.0,73.0,74.0,74.25,75.0,71.0,76.0
CLL,2012,8,2012-08-01,31,72.935,3.054,68.0,72.0,74.0,75.0,76.0,64.0,76.0
CLL,2012,9,2012-09-01,30,67.033,6.79,58.0,64.0,67.0,72.75,75.0,49.0,76.0
CLL,2012,10,2012-10-01,31,56.484,11.627,39.0,49.0,56.0,67.0,70.0,34.0,72.0
CLL,2012,11,2012-11-01,30,47.2,12.013,31.9,37.25,47.5,58.5,61.2,26.0,68.0
CLL,2012,12,2012-12-01,30,44.133,18.593,22.7,24.5,43.5,64.5,66.0,18.0,67.0
CLL,2013,1,2013-01-01,31,42.71,13.459,28.0,31.5,40.0,52.5,61.0,24.0,69.0
CLL,2013,2,2013-02-01,28,43.679,12.425,30.7,34.0,39.0,53.75,62.6,26.0,67.0
CLL,2013,3,2013-03-01,31,43.581,14.056,25.0,30.5,46.0,55.0,62.0,22.0,64.0
CLL,2013,4,2013-04-01,30,54.567,11.705,38.7,45.0,58.5,64.0,66.2,32.0,70.0
CLL,2013,5,2013-05-01,31,62.129,12.002,45.0,59.0,66.0,70.0,72.0,33.0,74.0
CLL,2013,6,2013-06-01,30,71.133,4.075,65.7,70.0,73.0,74.0,74.0,60.0,74.0
CLL,2013,7,2013-07-01,30,71.2,4.437,64.0,70.25,73.0,74.0,75.0,57.0,76.0
CLL,2013,8,2013-08-01,31,71.581,3.793,68.0,71.0,72.0,74.0,75.0,59.0,76.0
CLL,2013,9,2013-09-01,30,69.2,5.108,61.8,68.0,71.0,72.0,73.1,54.0,76.0
CLL,2013,10,2013-10-01,31,60.161,10.447,48.0,52.5,60.0,69.5,74.0,42.0,75.0
CLL,2013,11,2013-11-01,30,45.333,12.866,29.0,37.5,43.0,51.25,64.3,24.0,70.0
CLL,2013,12,2013-12-01,31,38.323,11.729,27.0,29.0,35.0,47.0,54.0,22.0,66.0
CLL,2014,1,2014-01-01,31,32.742,13.919,18.0,23.0,31.0,40.5,56.0,9.0,60.0
CLL,2014,2,2014-02-01,28,41.929,14.173,25.8,30.75,40.5,57.5,61.3,19.0,66.0
CLL,2014,3,2014-03-01,31,45.194,12.771,33.0,37.0,43.0,54.5,64.0,16.0,68.0
CLL,2014,4,2014-04-01,30,55.2,11.571,37.0,47.5,58.0,64.75,69.0,31.0,71.0
CLL,2014,5,2014-05-01,31,61.871,9.493,46.0,56.5,65.0,69.0,70.0,41.0,73.0
CLL,2014,6,2014-06-01,30,73.0,2.213,71.0,72.0,73.5,74.0,75.0,65.0,76.0
CLL,2014,7,2014-07-01,31,71.774,2.32,68.0,71.0,72.0,73.0,74.0,66.0,76.0
CLL,2014,8,2014-08-01,31,72.097,3.763,68.0,71.0,72.0,75.0,76.0,60.0,77.0
CLL,2014,9,2014-09-01,30,69.067,5.753,60.9,66.0,70.5,74.0,75.0,56.0,76.0
CLL,2014,10,2014-10-01,31,60.194,8.534,50.0,54.0,59.0,66.0,73.0,46.0,75.0
CLL,2014,11,2014-11-01,30,42.1,14.18,25.6,33.0,38.5,57.25,61.1,17.0,63.0
CLL,2014,12,2014-12-01,31,47.226,11.647,30.0,39.0,49.0,55.5,63.0,28.0,66.0
CLL,2015,1,2015-01-01,31,35.613,9.315,28.0,32.5,35.0,39.0,47.0,9.0,56.0
CLL,2015,2,2015-02-01,28,39.107,11.733,26.7,29.0,36.0,48.0,55.6,21.0,61.0
CLL,2015,3,2015-03-01,31,50.29,10.624,38.0,45.5,52.0,59.0,60.0,23.0,65.0
CLL,2015,4,2015-04-01,30,60.6,8.278,48.0,54.0,64.0,67.0,68.0,44.0,72.0
CLL,2015,5,2015-05-01,31,66.774,5.309,61.0,64.5,67.0,71.0,72.0,53.0,72.0
CLL,2015,6,2015-06-01,30,71.6,3.43,67.0,69.0,73.0,74.0,75.0,62.0,77.0
CLL,2015,7,2015-07-01,31,73.742,1.483,73.0,73.0,74.0,75.0,75.0,70.0,77.0
CLL,2015,8,2015-08-01,31,71.032,3.628,66.0,68.5,72.0,74.0,75.0,62.0,76.0
CLL,2015,9,2015-09-01,30,67.9,5.985,60.8,66.0,68.0,72.0,74.1,48.0,76.0
CLL,2015,10,2015-10-01,31,57.355,9.319,44.0,53.0,57.0,64.5,69.0,37.0,73.0
CLL,2015,11,2015-11-01,29,52.138,11.928,40.6,44.0,47.0,61.0,69.0,29.0,71.0
CLL,2015,12,2015-12-01,31,47.419,12.593,32.0,36.5,45.0,55.0,66.0,30.0,71.0
CLL,2016,1,2016-01-01,31,38.258,10.491,27.0,30.5,34.0,47.5,55.0,25.0,61.0
CLL,2016,2,2016-02-01,29,41.586,14.747,24.8,29.0,38.0,58.0,61.0,13.0,63.0
CLL,2016,3,2016-03-01,31,53.677,11.757,36.0,43.5,60.0,63.0,65.0,31.0,70.0
CLL,2016,4,2016-04-01,29,58.276,9.899,42.8,49.0,60.0,67.0,68.0,40.0,74.0
CLL,2016,5,2016-05-01,31,64.71,7.105,53.0,62.5,65.0,70.5,72.0,50.0,76.0
CLL,2016,6,2016-06-01,30,72.867,3.35,69.0,71.0,73.5,75.0,77.0,63.0,77.0
CLL,2016,7,2016-07-01,31,75.419,1.285,74.0,75.0,75.0,76.0,77.0,73.0,78.0
CLL,2016,8,2016-08-01,31,74.645,1.664,73.0,74.0,75.0,75.0,77.0,71.0,78.0
CLL,2016,9,2016-09-01,30,71.233,5.575,64.7,71.25,73.0,74.0,75.0,52.0,77.0
CLL,2016,10,2016-10-01,31,62.71,8.975,47.0,58.0,63.0,71.0,73.0,46.0,75.0
CLL,2016,11,2016-11-01,30,55.2,11.229,43.1,50.0,54.5,65.25,69.0,30.0,72.0
CLL,2016,12,2016-12-01,30,45.63,16.32,22.6,35.25,46.5,56.0,68.1,14.0,71.0
CLL,2017,1,2017-01-01,29,43.238,16.286,23.6,32.0,43.0,57.0,63.0,10.0,68.0
CLL,2017,2,2017-02-01,28,52.607,12.621,34.4,43.25,55.0,65.0,66.0,30.0,70.0
CLL,2017,3,2017-03-01,31,55.774,12.261,43.0,46.5,62.0,64.5,67.0,24.1,69.0
CLL,2017,4,2017-04-01,30,59.5,9.54,44.9,52.5,61.0,67.75,68.1,41.0,74.0
CLL,2017,5,2017-05-01,31,62.839,8.676,48.0,57.5,63.0,69.5,72.0,45.0,75.0
CLL,2017,6,2017-06-01,30,71.667,3.487,66.9,69.0,72.0,74.0,76.0,65.0,77.0
CLL,2017,7,2017-07-01,31,74.323,2.166,73.0,74.0,75.0,76.0,76.0,66.0,77.0
CLL,2017,8,2017-08-01,31,73.548,3.529,68.0,72.0,74.0,76.0,77.0,65.0,78.0
CLL,2017,9,2017-09-01,29,67.586,7.169,57.6,61.0,71.0,72.0,75.2,52.0,77.0
CLL,2017,10,2017-10-01,31,55.965,13.914,38.0,44.5,57.0,67.5,73.0,28.9,75.0
CLL,2017,11,2017-11-01,30,54.2,12.896,36.8,45.25,53.5,67.75,71.0,30.0,73.0
CLL,2017,12,2017-12-01,31,41.635,12.337,28.0,31.45,39.0,49.0,59.0,27.0,70.0
CLL,2018,1,2018-01-01,31,31.687,16.023,14.0,20.45,28.0,47.5,54.0,6.0,65.0
CLL,2018,2,2018-02-01,28,49.207,12.862,30.63,39.0,49.5,59.5,66.0,28.9,69.0
CLL,2018,3,2018-03-01,31,52.516,13.256,34.0,42.5,54.0,65.0,67.0,25.0,68.0
CLL,2018,4,2018-04-01,30,51.567,10.325,39.7,44.25,51.5,58.0,68.0,32.0,69.0
CLL,2018,5,2018-05-01,30,68.733,4.623,60.9,67.25,70.5,72.0,73.0,57.0,73.0
CLL,2018,6,2018-06-01,30,74.9,1.447,74.0,74.0,75.0,76.0,76.1,70.0,77.0
CLL,2018,7,2018-07-01,31,74.065,2.25,71.0,73.0,75.0,75.0,76.0,67.0,77.0
CLL,2018,8,2018-08-01,31,73.581,3.384,71.0,73.0,75.0,76.0,76.0,63.0,77.0
CLL,2018,9,2018-09-01,30,72.733,3.423,68.9,72.25,74.0,74.0,75.0,60.0,78.0
CLL,2018,10,2018-10-01,31,62.484,9.532,50.0,53.5,62.0,72.0,75.0,49.0,76.0
CLL,2018,11,2018-11-01,30,46.893,13.038,29.89,36.5,46.0,57.5,63.4,25.0,72.0
CLL,2018,12,2018-12-01,31,42.835,9.827,32.0,34.5,41.0,50.0,57.0,28.9,63.0
CLL,2019,1,2019-01-01,31,39.671,10.645,25.0,32.5,39.0,46.0,55.0,19.9,61.0
CLL,2019,2,2019-02-01,28,47.711,13.122,31.4,39.0,49.5,58.25,66.3,21.9,69.0
CLL,2019,3,2019-03-01,31,48.739,14.789,28.9,39.5,49.0,62.0,67.0,17.1,68.0
CLL,2019,4,2019-04-01,30,57.8,10.463,42.7,49.0,60.0,66.0,68.1,35.0,72.0
CLL,2019,5,2019-05-01,31,68.548,5.881,61.0,63.0,70.0,73.0,75.0,56.0,76.0
CLL,2019,6,2019-06-01,30,71.2,4.35,66.8,68.25,71.5,74.0,76.1,61.0,78.0
CLL,2019,7,2019-07-01,31,72.871,4.47,67.0,72.0,74.0,76.0,76.0,61.0,78.0
CLL,2019,8,2019-08-01,31,75.806,1.537,74.0,75.0,76.0,77.0,78.0,73.0,79.0
CLL,2019,9,2019-09-01,30,72.433,2.431,69.0,70.25,73.0,74.0,75.1,68.0,77.0
CLL,2019,10,2019-10-01,31,57.774,12.255,43.0,48.5,60.0,67.5,71.0,30.0,75.0
CLL,2019,11,2019-11-01,30,46.1,14.665,27.9,37.0,42.5,59.5,66.3,18.0,71.0
CLL,2019,12,2019-12-01,31,41.997,12.037,30.0,33.5,40.0,51.0,57.0,21.9,66.0
CLL,2020,1,2020-01-01,31,44.926,13.163,30.9,34.5,42.0,56.0,65.0,21.9,69.0
CLL,2020,2,2020-02-01,29,43.383,13.896,28.52,32.0,39.0,56.0,63.4,26.1,69.0
CLL,2020,3,2020-03-01,31,60.0,10.169,47.0,56.0,64.0,67.0,69.0,32.0,70.0
CLL,2020,4,2020-04-01,30,56.933,10.471,41.9,49.5,57.0,64.75,70.0,38.0,72.0
CLL,2020,5,2020-05-01,31,64.29,7.435,51.0,61.0,65.0,69.5,73.0,50.0,75.0
CLL,2020,6,2020-06-01,30,69.433,6.585,58.9,67.5,71.0,74.0,76.1,51.0,77.0
CLL,2020,7,2020-07-01,31,75.226,1.746,73.0,74.5,76.0,76.0,77.0,70.0,78.0
CLL,2020,8,2020-08-01,31,72.387,4.514,67.0,69.5,73.0,76.0,77.0,62.0,79.0
CLL,2020,9,2020-09-01,30,67.367,7.77,58.7,64.0,70.0,72.0,74.1,47.0,79.0
CLL,2020,10,2020-10-01,31,57.548,11.826,42.0,46.5,57.0,70.5,71.0,38.0,73.0
CLL,2020,11,2020-11-01,30,50.6,12.735,34.0,42.0,50.0,60.5,67.0,25.0,70.0
CLL,2020,12,2020-12-01,31,39.416,11.98,25.0,32.5,37.0,48.0,56.0,16.0,62.0
CLL,2021,1,2021-01-01,31,38.961,12.497,27.0,30.45,35.0,50.0,57.0,19.0,66.0
CLL,2021,2,2021-02-01,28,36.446,16.146,21.67,26.1,35.5,45.75,59.0,-0.9,67.0
CLL,2021,3,2021-03-01,31,50.316,12.163,36.0,38.0,53.0,60.5,66.0,30.9,68.0
CLL,2021,4,2021-04-01,30,53.667,11.469,37.6,45.75,56.0,64.5,66.1,30.0,69.0
CLL,2021,5,2021-05-01,31,65.387,5.737,57.0,61.5,68.0,70.0,72.0,51.0,73.0
CLL,2021,6,2021-06-01,30,71.933,3.648,66.9,69.0,73.0,75.0,76.0,64.0,76.0
CLL,2021,7,2021-07-01,31,73.032,1.76,71.0,72.5,73.0,74.0,75.0,69.0,76.0
CLL,2021,8,2021-08-01,31,73.355,1.854,71.0,72.0,73.0,75.0,76.0,71.0,78.0
CLL,2021,9,2021-09-01,30,65.067,8.99,51.9,62.25,67.0,71.75,74.0,45.0,76.0
CLL,2021,10,2021-10-01,31,59.771,12.59,42.0,53.5,63.0,70.5,71.0,30.9,73.0
CLL,2021,11,2021-11-01,30,46.83,10.56,34.9,39.0,44.5,55.0,61.1,28.9,65.0
CLL,2021,12,2021-12-01,31,56.384,13.41,34.0,45.5,65.0,66.5,68.0,28.9,70.0
CLL,2022,1,2022-01-01,30,33.66,13.86,20.7,24.1,28.9,40.5,54.4,14.0,66.0
CLL,2022,2,2022-02-01,28,35.889,14.284,22.84,26.1,30.9,41.5,59.5,16.0,65.0
CLL,2022,3,2022-03-01,31,43.645,12.518,33.0,35.0,40.0,53.0,64.0,18.0,66.0
CLL,2022,4,2022-04-01,30,58.397,12.204,39.5,51.0,64.0,67.75,69.0,28.9,70.0
CLL,2022,5,2022-05-01,31,67.71,5.324,59.0,65.5,69.0,72.0,73.0,55.0,74.0
CLL,2022,6,2022-06-01,30,71.833,3.724,67.9,71.0,72.0,74.0,75.0,57.0,76.0
CLL,2022,7,2022-07-01,31,74.129,1.432,72.0,73.5,75.0,75.0,75.0,70.0,76.0
CLL,2022,8,2022-08-01,30,73.5,1.408,71.9,73.0,74.0,74.0,75.0,70.0,77.0
CLL,2022,9,2022-09-01,30,65.733,8.094,50.8,63.25,68.5,71.0,72.1,46.0,75.0
CLL,2022,10,2022-10-01,31,52.355,10.232,41.0,45.0,53.0,59.0,65.0,27.0,69.0
CLL,2022,11,2022-11-01,30,49.297,14.453,32.79,37.0,49.0,64.5,68.1,25.0,72.0
CLL,2022,12,2022-12-01,31,44.065,19.432,19.0,33.0,44.0,63.0,67.0,0.0,68.0
CLL,2023,1,2023-01-01,31,44.306,13.227,30.9,33.5,39.0,55.5,63.0,28.0,69.0
CLL,2023,2,2023-02-01,28,46.032,13.322,30.0,34.5,44.0,59.5,63.0,23.0,65.0
CLL,2023,3,2023-03-01,31,52.355,13.732,32.0,41.5,53.0,65.5,68.0,27.0,70.0
CLL,2023,4,2023-04-01,30,55.333,7.849,46.0,50.0,54.0,61.75,68.1,41.0,69.0
CLL,2023,5,2023-05-01,31,65.613,4.333,62.0,63.0,65.0,67.0,72.0,51.0,74.0
CLL,2023,6,2023-06-01,30,72.733,4.578,66.9,68.0,75.0,76.0,77.1,63.0,78.0
CLL,2023,7,2023-07-01,31,74.355,1.872,71.0,73.5,75.0,76.0,76.0,71.0,77.0
CLL,2023,8,2023-08-01,31,71.613,5.584,61.0,69.5,73.0,76.0,77.0,57.0,78.0
CLL,2023,9,2023-09-01,30,69.0,5.42,61.8,66.25,69.0,72.75,76.0,57.0,77.0
CLL,2023,10,2023-10-01,31,58.258,12.546,41.0,49.0,63.0,68.0,73.0,31.0,75.0
CLL,2023,11,2023-11-01,30,48.933,12.023,31.9,40.0,52.5,57.5,64.2,29.0,67.0
CLL,2023,12,2023-12-01,31,40.806,12.128,30.0,33.0,36.0,48.0,61.0,24.0,67.0
CLL,2024,1,2024-01-01,30,34.533,15.11,14.5,24.0,35.0,45.5,52.4,7.0,64.0
CLL,2024,2,2024-02-01,29,46.345,12.768,30.2,38.0,45.0,59.0,62.2,23.0,64.0
CLL,2024,3,2024-03-01,31,53.516,11.832,39.0,43.5,54.0,64.0,67.0,31.0,70.0
CLL,2024,4,2024-04-01,30,60.4,9.957,46.7,50.0,66.0,67.75,69.2,41.0,72.0
CLL,2024,5,2024-05-01,31,69.581,5.39,62.0,65.5,68.0,74.5,76.0,60.0,78.0
CLL,2024,6,2024-06-01,30,74.2,2.441,71.9,72.0,74.0,76.75,77.0,69.0,78.0
CLL,2024,7,2024-07-01,29,74.207,2.21,71.8,73.0,74.0,75.0,76.4,69.0,78.0
CLL,2024,8,2024-08-01,31,74.452,2.158,72.0,73.0,74.0,76.0,77.0,69.0,79.0
CLL,2024,9,2024-09-01,30,68.1,7.761,55.9,63.0,72.0,73.75,74.1,51.0,77.0
CLL,2024,10,2024-10-01,31,59.774,9.67,48.0,53.5,63.0,66.0,70.0,34.0,75.0
CLL,2024,11,2024-11-01,30,53.3,13.494,35.6,41.25,53.5,67.25,71.1,31.0,72.0
CLL,2024,12,2024-12-01,31,48.548,12.657,33.0,38.0,50.0,58.0,66.0,27.0,69.0
CLL,2025,1,2025-01-01,31,34.0,15.297,16.0,22.5,33.0,41.0,55.0,9.0,68.0
CLL,2025,2,2025-02-01,28,44.357,15.699,24.5,32.75,47.5,52.5,65.3,13.0,67.0
CLL,2025,3,2025-03-01,31,52.258,12.77,34.0,42.5,55.0,63.0,67.0,26.0,69.0
CLL,2025,4,2025-04-01,30,61.233,11.255,42.7,55.5,64.5,70.0,71.1,35.0,73.0
CLL,2025,5,2025-05-01,31,66.806,7.859,56.0,59.5,69.0,74.0,75.0,50.0,77.0
CLL,2025,6,2025-06-01,28,74.143,2.43,70.7,73.0,75.0,76.0,76.3,68.0,78.0
CLL,2025,7,2025-07-01,28,74.071,2.956,71.7,73.0,75.0,76.0,77.0,64.0,77.0
CLL,2025,8,2025-08-01,31,72.839,1.635,71.0,72.0,73.0,74.0,75.0,69.0,75.0
CLL,2025,9,2025-09-01,30,66.867,5.935,58.0,61.0,68.0,71.75,73.1,57.0,77.0
CLL,2025,10,2025-10-01,31,59.452,9.323,46.0,55.5,62.0,66.5,68.0,35.0,72.0
CLL,2025,11,2025-11-01,30,52.6,13.082,35.7,46.25,52.0,62.5,69.1,25.0,70.0
CLL,2025,12,2025-12-01,31,45.742,16.872,22.0,33.5,47.0,61.5,66.0,15.0,68.0
CLL,2026,1,2026-01-01,31,37.097,16.564,18.0,23.5,34.0,52.0,58.0,14.0,67.0
CLL,2026,2,2026-02-01,28,46.143,13.975,29.4,35.0,46.5,57.5,61.3,13.0,66.0
CLL,2026,3,2026-03-01,31,55.387,14.037,37.0,48.5,62.0,65.0,67.0,18.0,69.0
CLL,2026,4,2026-04-01,30,63.233,10.044,46.6,61.75,67.5,69.0,72.1,41.0,73.0
CLL,2026,5,2026-05-01,31,64.774,6.652,55.0,62.0,66.0,69.5,72.0,48.0,74.0
CLL,2026,6,2026-06-01,30,74.5,2.286,71.9,74.0,75.0,76.0,77.0,67.0,78.0
CLL,2026,7,2026-07-01,31,74.097,1.35,72.0,73.0,74.0,75.0,76.0,71.0,76.0
CLL,2026,8,2026-08-01,30,73.333,3.1,69.9,72.25,74.0,76.0,76.0,62.0,77.0
